{"cameraMode":{"drawMode":0,"name":"Shaded","section":"Shading Mode"},"sceneLighting":false,"audioPlay":false,"sceneViewState":{"showFog":true,"showMaterialUpdate":false,"showSkybox":true,"showFlares":true,"showImageEffects":true,"showParticleSystems":true},"in2DMode":false,"pivot":{"x":-5.698593616485596,"y":1.5499999523162842,"z":25.89282989501953},"rotation":{"x":-0.11497881263494492,"y":-0.5026411414146423,"z":0.06766267865896225,"w":-0.8541390895843506},"size":8.953739166259766,"orthographic":false}