{"cameraMode":{"drawMode":0,"name":"Shaded","section":"Shading Mode"},"sceneLighting":false,"audioPlay":false,"sceneViewState":{"showFog":true,"showMaterialUpdate":false,"showSkybox":false,"showFlares":true,"showImageEffects":true,"showParticleSystems":true},"in2DMode":false,"pivot":{"x":-0.46979525685310366,"y":-0.0464811809360981,"z":0.285489559173584},"rotation":{"x":0.006757966708391905,"y":-0.9864477515220642,"z":0.15849414467811585,"w":0.04205416515469551},"size":1.9860644340515137,"orthographic":false}