{"cameraMode":{"drawMode":0,"name":"Shaded","section":"Shading Mode"},"sceneLighting":false,"audioPlay":false,"sceneViewState":{"showFog":true,"showMaterialUpdate":false,"showSkybox":false,"showFlares":true,"showImageEffects":true,"showParticleSystems":true},"in2DMode":false,"pivot":{"x":-0.194767564535141,"y":-0.6705448627471924,"z":-0.63330078125},"rotation":{"x":-0.1021190732717514,"y":-0.015818912535905839,"z":0.0016293941298499704,"w":-0.9946476221084595},"size":3.7860615253448488,"orthographic":false}