{"cameraMode":{"drawMode":0,"name":"Shaded","section":"Shading Mode"},"sceneLighting":true,"audioPlay":false,"sceneViewState":{"showFog":true,"showMaterialUpdate":false,"showSkybox":true,"showFlares":true,"showImageEffects":true,"showParticleSystems":true},"in2DMode":false,"pivot":{"x":505.9021301269531,"y":49.138328552246097,"z":11.13331413269043},"rotation":{"x":-0.07374376803636551,"y":-0.0023946817964315416,"z":0.000177392503246665,"w":-0.9972743988037109},"size":914.4207763671875,"orthographic":false}