{"cameraMode":{"drawMode":0,"name":"Shaded","section":"Shading Mode"},"sceneLighting":false,"audioPlay":false,"sceneViewState":{"showFog":true,"showMaterialUpdate":false,"showSkybox":false,"showFlares":true,"showImageEffects":true,"showParticleSystems":true},"in2DMode":false,"pivot":{"x":-0.684011697769165,"y":-5.257112503051758,"z":-3.0444562435150148},"rotation":{"x":0.09466498345136643,"y":0.8600265979766846,"z":-0.17280642688274384,"w":0.47091594338417055},"size":24.304134368896486,"orthographic":false}